[{
  "_id": {
    "$oid": "60d346c52aba092cc8e9cbee"
  },
  "create_date": {
    "$date": "2021-06-23T14:34:56.857Z"
  },
  "title": "stroy of my life",
  "body": "    Lorem ipsum dolor sit amet consectetur adipisicing elit. Architecto, molestias enim nam esse necessitatibus aliquam alias nobis, totam mollitia rem vitae doloribus aspernatur libero sint deserunt perferendis. Id, omnis consequatur.",
  "__v": 0
},{
  "_id": {
    "$oid": "60d3553cb017fd2b48690547"
  },
  "create_date": {
    "$date": "2021-06-23T15:36:53.251Z"
  },
  "title": "one more post",
  "body": "    Lorem ipsum dolor sit r adipisicing elit. Architecto, molestias enim nam esse necessitatibus aliquam alias nobis, totam mollitia rem vitae doloribus aspernatur libero sint deserunt perferendis. Id, omnis consequatur.",
  "__v": 0
},{
  "_id": {
    "$oid": "60d3556bb017fd2b4869054a"
  },
  "create_date": {
    "$date": "2021-06-23T15:36:53.251Z"
  },
  "title": "my family",
  "body": "    nuvyth kiukty wdrfrty muyjrt yjhteyheyr jtyryrt jytjeh5yt ipsum dolor sit r adipisicing elit. Architecto, molestias enim nam esse necessitatibus aliquam alias nobis, totam mollitia rem vitae doloribus aspernatur libero sint deserunt perferendis. Id, omnis consequatur.",
  "__v": 0
},{
  "_id": {
    "$oid": "60d35876248b724df8b1d141"
  },
  "create_date": {
    "$date": "2021-06-23T15:51:14.423Z"
  },
  "title": "hacker u",
  "body": "    nuvyth kiukty wdrfrty muyjrt yjhteyheyr jtyryrt jytjeh5yt ipsum dolor sit r adipisicing elit. Architecto, molestias enim nam esse necessitatibus aliquam alias nobinynyjny nthg njuiniu  mipm omm olmiom ohutfry hiu hyuig uo j",
  "__v": 0
},{
  "_id": {
    "$oid": "60d392a4364bff1b382e1b37"
  },
  "create_date": {
    "$date": "2021-06-23T19:57:00.107Z"
  },
  "title": "shalom",
  "body": "lorem100",
  "__v": 0
},{
  "_id": {
    "$oid": "60d393d69bf8df2fc8a9a8ef"
  },
  "create_date": {
    "$date": "2021-06-23T20:04:26.091Z"
  },
  "title": "shalom2",
  "body": "lorem1002",
  "author_id": "60d3388095198b142066a5cb",
  "__v": 0
},{
  "_id": {
    "$oid": "60d4592e05b83b50e42d9047"
  },
  "create_date": {
    "$date": "2021-06-24T10:02:40.820Z"
  },
  "title": "shalom,",
  "body": "hiii",
  "author_id": "60d3388095198b142066a5cb",
  "__v": 0
},{
  "_id": {
    "$oid": "60d45e45bad5e54b582365f1"
  },
  "create_date": {
    "$date": "2021-06-24T10:26:49.298Z"
  },
  "title": "koko@gtrdgtrg.com",
  "body": "1rhtdtgbttydr345",
  "author_id": "60d3388095198b142066a5cb",
  "__v": 0
},{
  "_id": {
    "$oid": "60d468fcd13d066610df5b7c"
  },
  "create_date": {
    "$date": "2021-06-24T11:06:32.010Z"
  },
  "title": "koko123",
  "body": "trilili123",
  "author_id": "60d3388095198b142066a5cb",
  "__v": 0
},{
  "_id": {
    "$oid": "60d4899baba8882e944343ce"
  },
  "create_date": {
    "$date": "2021-06-24T13:31:40.335Z"
  },
  "title": "checking",
  "body": "body body",
  "author_id": {
    "$oid": "60d3388095198b142066a5cb"
  },
  "__v": 0
},{
  "_id": {
    "$oid": "60d5e2665d65ea5a98ecad5a"
  },
  "create_date": {
    "$date": "2021-06-25T14:02:28.012Z"
  },
  "title": "post with id",
  "body": "this post is with only id to recognize it",
  "author_id": {
    "$oid": "60d3388095198b142066a5cb"
  },
  "__v": 0
},{
  "_id": {
    "$oid": "60d5e2c3ee4dbf4c9c764391"
  },
  "create_date": {
    "$date": "2021-06-25T14:05:54.326Z"
  },
  "title": "post with id",
  "body": "this post is with only id to recognize it",
  "author_id": {
    "$oid": "60d3388095198b142066a5cb"
  },
  "__v": 0
},{
  "_id": {
    "$oid": "60d5e316ee4dbf4c9c764396"
  },
  "create_date": {
    "$date": "2021-06-25T14:05:54.326Z"
  },
  "title": "post with id",
  "body": "this post is with only id to recognize it",
  "author_id": {
    "$oid": "60d3388095198b142066a5cb"
  },
  "__v": 0
},{
  "_id": {
    "$oid": "60d5e3b70c93ce449033c43d"
  },
  "create_date": {
    "$date": "2021-06-25T14:09:57.259Z"
  },
  "title": "post with id",
  "body": "this post is with only id to recognize it",
  "author_id": {
    "$oid": "60d3388095198b142066a5cb"
  },
  "__v": 0
},{
  "_id": {
    "$oid": "60d5e3ce0c93ce449033c442"
  },
  "create_date": {
    "$date": "2021-06-25T14:09:57.259Z"
  },
  "title": "post with id",
  "body": "this post is with only id to recognize it",
  "author_id": {
    "$oid": "60d3388095198b142066a5cb"
  },
  "__v": 0
},{
  "_id": {
    "$oid": "60d5e46dedd0861a3cf9fdde"
  },
  "create_date": {
    "$date": "2021-06-25T14:13:00.554Z"
  },
  "title": "post with id",
  "body": "this post is with only id to recognize it",
  "author_id": {
    "$oid": "60d3388095198b142066a5cb"
  },
  "__v": 0
},{
  "_id": {
    "$oid": "60d5e48bda3250525c3c3fd0"
  },
  "create_date": {
    "$date": "2021-06-25T14:13:30.577Z"
  },
  "title": "post with id",
  "body": "this post is with only id to recognize it",
  "author_id": {
    "$oid": "60d3388095198b142066a5cb"
  },
  "__v": 0
},{
  "_id": {
    "$oid": "60d5e49cda3250525c3c3fd5"
  },
  "create_date": {
    "$date": "2021-06-25T14:13:30.577Z"
  },
  "title": "post with id",
  "body": "this post is with only id to recognize it",
  "author_id": {
    "$oid": "60d3388095198b142066a5cb"
  },
  "__v": 0
},{
  "_id": {
    "$oid": "60d5e4cd35725f6444287e37"
  },
  "create_date": {
    "$date": "2021-06-25T14:14:31.633Z"
  },
  "title": "post with id",
  "body": "this post is with only id to recognize it",
  "author_id": {
    "$oid": "60d3388095198b142066a5cb"
  },
  "__v": 0
},{
  "_id": {
    "$oid": "60d5e5003186be53d4837e4b"
  },
  "create_date": {
    "$date": "2021-06-25T14:15:26.847Z"
  },
  "title": "post with id",
  "body": "this post is with only id to recognize it",
  "author_id": {
    "$oid": "60d3388095198b142066a5cb"
  },
  "__v": 0
},{
  "_id": {
    "$oid": "60d5e532a4a8bc4ca097286e"
  },
  "create_date": {
    "$date": "2021-06-25T14:16:15.385Z"
  },
  "title": "post with id",
  "body": "this post is with only id to recognize it",
  "author_id": {
    "$oid": "60d3388095198b142066a5cb"
  },
  "__v": 0
}]